<?xml version="1.0" encoding="UTF-8"?>
<ApexPage xmlns="http://soap.sforce.com/2006/04/metadata">
    <apiVersion>29.0</apiVersion>
    <availableInTouch>false</availableInTouch>
    <confirmationTokenRequired>false</confirmationTokenRequired>
    <label>CtrlTestPDFToImg</label>
    <packageVersions>
        <majorNumber>3</majorNumber>
        <minorNumber>988</minorNumber>
        <namespace>TemplateVizArt</namespace>
    </packageVersions>
    <packageVersions>
        <majorNumber>1</majorNumber>
        <minorNumber>8</minorNumber>
        <namespace>sf_chttr_apps</namespace>
    </packageVersions>
    <packageVersions>
        <majorNumber>1</majorNumber>
        <minorNumber>162</minorNumber>
        <namespace>zaapit</namespace>
    </packageVersions>
</ApexPage>
